Id,Label,timeset,degree,clustering,triangles,componentnumber,Eccentricity,closnesscentrality,harmonicclosnesscentrality,betweenesscentrality,eigencentrality,modularity_class,weighted degree
Y. Xu,Y. Xu,,13,0.423077,33,0,6,0.396834,0.435626,0.005322,0.166558,0,23
X. Liu,X. Liu,,5,0.9,9,0,6,0.346355,0.373957,0.000007,0.069601,0,8
R. Montes,R. Montes,,14,0.197802,18,0,6,0.347847,0.380147,0.019192,0.079546,0,26
Y. Dong,Y. Dong,,27,0.22792,80,0,6,0.39989,0.445254,0.011663,0.232335,2,82
F. Herrera,F. Herrera,,213,0.032022,723,0,5,0.520401,0.614695,0.71052,1,1,680
L. Abdullah,L. Abdullah,,5,0.8,8,0,7,0.317052,0.359537,0.000003,0.061669,2,11
F.M.A. Alias,F.M.A. Alias,,3,1,3,0,7,0.316776,0.358161,0,0.056045,2,3
H. Liao,H. Liao,,23,0.197628,50,0,6,0.395109,0.438377,0.012232,0.159134,21,45
E. Herrera-Viedma,E. Herrera-Viedma,,248,0.021549,660,0,6,0.460127,0.601146,0.478254,0.964846,2,548
G. Kou,G. Kou,,21,0.32381,68,0,7,0.322824,0.373063,0.000382,0.163015,2,43
R. Ureña,R. Ureña,,7,0.809524,17,0,7,0.32083,0.363434,0.000017,0.096078,2,12
J. Wu,J. Wu,,8,0.785714,22,0,7,0.319982,0.363778,0.000015,0.109753,2,17
F. Chiclana,F. Chiclana,,46,0.138164,143,0,6,0.410039,0.464282,0.056043,0.334672,2,122
E. Martinez-Camara,E. Martinez-Camara,,7,0.857143,18,0,6,0.34341,0.370747,0.000003,0.065035,3,10
A. Valdivia,A. Valdivia,,9,0.75,27,0,6,0.343735,0.372123,0.000008,0.070928,3,21
I. Chaturvedi,I. Chaturvedi,,9,0.722222,26,0,6,0.343735,0.372123,0.000011,0.070775,3,15
M.V. Luzon,M.V. Luzon,,9,0.75,27,0,6,0.343735,0.372123,0.000008,0.070928,3,21
E. Cambria,E. Cambria,,9,0.722222,26,0,6,0.343735,0.372123,0.000011,0.070775,3,18
Y. Ong,Y. Ong,,6,1,15,0,6,0.343248,0.37006,0,0.062411,3,6
E. Hrabova,E. Hrabova,,6,1,15,0,6,0.343248,0.37006,0,0.062272,3,6
L. Troiano,L. Troiano,,6,1,15,0,6,0.343248,0.37006,0,0.062272,3,6
E. Verdu,E. Verdu,,3,1,3,0,7,0.315538,0.356098,0,0.053571,2,3
S. Cobos-Guzman,S. Cobos-Guzman,,3,1,3,0,7,0.315538,0.356098,0,0.053571,2,3
R. Gonzalez-Crespo,R. Gonzalez-Crespo,,18,0.24183,37,0,7,0.317606,0.366414,0.000217,0.108623,2,29
I. Triguero,I. Triguero,,52,0.159125,211,0,6,0.360973,0.414878,0.046416,0.325478,1,128
R. Tickle,R. Tickle,,4,1,6,0,7,0.265619,0.285809,0,0.018461,4,4
GP. Figueredo,GP. Figueredo,,4,1,6,0,7,0.265619,0.285809,0,0.018461,4,4
M. Mesgarpour,M. Mesgarpour,,4,1,6,0,7,0.265619,0.285809,0,0.018461,4,4
R. John,R. John,,5,0.7,7,0,7,0.265716,0.286497,0.000006,0.019518,4,6
F. Meng,F. Meng,,3,1,3,0,7,0.315538,0.356098,0,0.060411,2,3
J. Tang,J. Tang,,3,1,3,0,7,0.315538,0.356098,0,0.060411,2,3
F.J. Cabrerizo,F.J. Cabrerizo,,36,0.177778,112,0,6,0.39967,0.449152,0.021759,0.269065,2,76
J. Lopez-Gijon,J. Lopez-Gijon,,9,0.527778,19,0,7,0.3165,0.360454,0.000033,0.092523,2,19
P. Lazaro-Rodriguez,P. Lazaro-Rodriguez,,5,0.6,6,0,7,0.31595,0.357703,0.002751,0.05772,2,9
J. Luengo,J. Luengo,,34,0.224599,126,0,6,0.357073,0.401582,0.00561,0.24882,1,71
JR. Cano,JR. Cano,,2,1,1,0,7,0.275483,0.298556,0,0.029759,1,2
S. Garcia,S. Garcia,,73,0.112253,295,0,6,0.376879,0.440899,0.052222,0.425426,1,222
Y. Fan,Y. Fan,,4,1,6,0,7,0.320405,0.361371,0,0.074117,2,4
H. Liang,H. Liang,,5,0.9,9,0,7,0.320547,0.362059,0.000001,0.077612,2,8
N. Zulkifli,N. Zulkifli,,4,1,6,0,7,0.316914,0.358849,0,0.058997,2,8
A. Al-Barakati,A. Al-Barakati,,4,1,6,0,7,0.316914,0.358849,0,0.058997,2,8
L. Carballo-Costa,L. Carballo-Costa,,3,1,3,0,7,0.31928,0.362288,0,0.067758,2,3
J.A. Moral-Muñoz,J.A. Moral-Muñoz,,45,0.141414,140,0,7,0.328069,0.393581,0.044989,0.202363,5,77
M.J. Cobo,M.J. Cobo,,53,0.095065,131,0,7,0.330304,0.400688,0.023354,0.259458,2,102
J. Prieto,J. Prieto,,4,1,6,0,7,0.315675,0.356786,0,0.054752,2,4
A. Gonzalez-Briones,A. Gonzalez-Briones,,4,1,6,0,7,0.315675,0.356786,0,0.054752,2,4
F. De La Prieta,F. De La Prieta,,4,1,6,0,7,0.315675,0.356786,0,0.054752,2,4
J.M. Corchado,J.M. Corchado,,7,0.571429,12,0,7,0.316087,0.358849,0.000017,0.074374,2,8
Q. Zha,Q. Zha,,6,1,15,0,7,0.320688,0.362746,0,0.090237,2,6
H. Zhang,H. Zhang,,7,0.857143,18,0,7,0.32083,0.363434,0.000003,0.093599,2,16
H. Fujita,H. Fujita,,24,0.286232,79,0,7,0.324409,0.37696,0.001001,0.175743,2,44
A. Selamat,A. Selamat,,15,0.495238,52,0,7,0.31719,0.364351,0.000083,0.115215,2,18
Z. Rezaei,Z. Rezaei,,9,1,36,0,7,0.316362,0.360225,0,0.083704,2,9
A. Taki,A. Taki,,9,1,36,0,7,0.316362,0.360225,0,0.083704,2,9
M. S. M. Rahim,M. S. M. Rahim,,9,1,36,0,7,0.316362,0.360225,0,0.083704,2,9
M. R. A. Kadir,M. R. A. Kadir,,9,1,36,0,7,0.316362,0.360225,0,0.083704,2,9
M. Penhaker,M. Penhaker,,9,1,36,0,7,0.316362,0.360225,0,0.083704,2,9
O. Krejcar,O. Krejcar,,11,0.745455,41,0,7,0.316638,0.3616,0.000018,0.089274,2,13
K. Kuca,K. Kuca,,9,1,36,0,7,0.316362,0.360225,0,0.083704,2,9
B. Farhadinia,B. Farhadinia,,12,0.742424,49,0,6,0.395109,0.433333,0.002623,0.163356,24,15
Y. Liu,Y. Liu,,5,0.9,9,0,7,0.320547,0.362059,0.000001,0.077612,2,8
H.Liang,H.Liang,,4,1,6,0,7,0.320405,0.361371,0,0.074117,2,4
A. Rienzo,A. Rienzo,,6,1,15,0,7,0.31595,0.358161,0,0.061072,6,6
M. Bustamante,M. Bustamante,,6,1,15,0,7,0.31595,0.358161,0,0.061072,6,6
R. Osorio,R. Osorio,,6,1,15,0,7,0.31595,0.358161,0,0.061072,6,6
E. Lefranc,E. Lefranc,,6,1,15,0,7,0.31595,0.358161,0,0.061072,6,6
M. Duarte,M. Duarte,,6,1,15,0,7,0.31595,0.358161,0,0.061072,6,6
G. LeFrancG,G. LeFrancG,,6,1,15,0,7,0.31595,0.358161,0,0.061072,6,6
RC. Prati,RC. Prati,,2,1,1,0,6,0.343086,0.367996,0,0.056014,1,2
M.J. Hornos,M.J. Hornos,,3,1,3,0,7,0.315538,0.356098,0,0.051457,15,12
A. Cid-Lopez,A. Cid-Lopez,,4,0.833333,5,0,7,0.315675,0.356786,0.000001,0.053961,15,15
R.A. Carrasco,R.A. Carrasco,,7,0.52381,11,0,7,0.316087,0.358849,0.000018,0.061881,15,19
N. Capuano,N. Capuano,,4,1,6,0,7,0.318301,0.359193,0,0.073036,2,12
V. Loia,V. Loia,,12,0.393939,26,0,7,0.31942,0.364695,0.00025,0.099046,2,25
B. Zhang,B. Zhang,,2,1,1,0,7,0.317467,0.357588,0,0.055744,2,2
J.M. Benitez,J.M. Benitez,,47,0.190564,206,0,6,0.35919,0.410293,0.011062,0.32219,1,168
F.J. Baldan,F.J. Baldan,,7,0.571429,12,0,6,0.344387,0.372123,0.002951,0.077391,1,9
P. Gaona-Garcia,P. Gaona-Garcia,,5,1,10,0,7,0.315812,0.357474,0,0.059949,2,5
J. Albadan-Romero,J. Albadan-Romero,,5,1,10,0,7,0.315812,0.357474,0,0.059949,2,5
G. Rolong-Agudelo,G. Rolong-Agudelo,,5,1,10,0,7,0.315812,0.357474,0,0.059949,2,5
C. Montenegro-Marin,C. Montenegro-Marin,,5,1,10,0,7,0.315812,0.357474,0,0.059949,2,5
Z. Ding,Z. Ding,,5,0.9,9,0,6,0.392761,0.427602,0.000003,0.12493,2,6
H. Mouriño-Talin,H. Mouriño-Talin,,7,1,21,0,6,0.347182,0.37602,0,0.101547,1,13
S. Ramirez-Gallego,S. Ramirez-Gallego,,21,0.390476,82,0,6,0.353084,0.390348,0.000344,0.201164,1,68
D. Martinez-Rego,D. Martinez-Rego,,8,0.928571,26,0,6,0.347348,0.376708,0.000012,0.105189,1,19
V. Bolon-Canedo,V. Bolon-Canedo,,9,0.805556,29,0,6,0.347514,0.377396,0.000032,0.108295,1,23
A. Alonso-Betanzos,A. Alonso-Betanzos,,12,0.530303,35,0,6,0.348013,0.379459,0.000175,0.116905,1,27
M. Lastra,M. Lastra,,6,0.8,12,0,6,0.344877,0.372352,0.00001,0.07619,1,16
P.D. Gutierrez,P.D. Gutierrez,,8,0.607143,17,0,6,0.34619,0.375103,0.000074,0.083304,1,18
A.J. Rivera,A.J. Rivera,,4,1,6,0,6,0.342925,0.368684,0,0.061157,1,19
F. Charte,F. Charte,,6,0.733333,11,0,6,0.346355,0.374301,0.000036,0.082738,1,29
M.J. del Jesus,M.J. del Jesus,,21,0.385714,81,0,5,0.368474,0.403668,0.004967,0.195599,1,59
I. Zwir,I. Zwir,,37,0.283784,189,0,7,0.281456,0.324782,0.047133,0.10552,7,46
C. R. Cloninger,C. R. Cloninger,,14,0.428571,39,0,8,0.22057,0.245084,0.000091,0.02582,7,18
A. Fernandez,A. Fernandez,,45,0.178788,177,0,5,0.374356,0.421779,0.013693,0.318985,1,108
S. Elhag,S. Elhag,,5,0.9,9,0,6,0.34341,0.369716,0.000001,0.074894,1,8
A. Altalhi,A. Altalhi,,8,0.678571,19,0,6,0.347017,0.376135,0.000043,0.106289,1,15
S. Alshomrani,S. Alshomrani,,14,0.461538,42,0,6,0.348013,0.380261,0.00015,0.143454,1,29
J.M. Merigo,J.M. Merigo,,10,0.533333,24,0,7,0.317606,0.362746,0.000079,0.083804,2,14
S. Laengle,S. Laengle,,7,0.857143,18,0,7,0.31719,0.360683,0.000003,0.075776,2,10
D. Rivas,D. Rivas,,4,1,6,0,7,0.316776,0.35862,0,0.065587,2,4
W. Liu,W. Liu,,5,1,10,0,7,0.320547,0.362059,0,0.089788,2,8
M.R. Ureña,M.R. Ureña,,8,0.607143,17,0,7,0.31886,0.361944,0.000024,0.101161,2,24
G. Melancon,G. Melancon,,3,1,3,0,7,0.318162,0.358505,0,0.064896,2,3
J. Cozar,J. Cozar,,3,1,3,0,6,0.343086,0.36834,0,0.062441,1,3
J.A. Gamez,J.A. Gamez,,6,0.6,9,0,6,0.343573,0.370403,0.000013,0.072827,1,9
X. Zhang,X. Zhang,,4,1,6,0,7,0.319,0.359881,0,0.069709,2,4
Z. Zhaoa,Z. Zhaoa,,4,1,6,0,7,0.319,0.359881,0,0.069709,2,4
C. Li,C. Li,,8,0.607143,17,0,6,0.394252,0.430582,0.001816,0.138949,24,12
O. Cordon,O. Cordon,,39,0.120108,89,0,4,0.372821,0.414833,0.194273,0.146678,13,84
F. Marcelloni,F. Marcelloni,,4,1,6,0,5,0.356722,0.380972,0,0.075423,1,4
J.A. Morente-Molinera,J.A. Morente-Molinera,,25,0.246667,74,0,7,0.321255,0.373636,0.000572,0.168209,2,61
C. Pang,C. Pang,,4,1,6,0,7,0.315675,0.356786,0,0.072601,2,4
S. Tabik,S. Tabik,,12,0.30303,20,0,6,0.345204,0.375562,0.005562,0.091609,1,16
A. Gomez-Rios,A. Gomez-Rios,,5,1,10,0,6,0.343898,0.370518,0,0.070777,1,5
ASM. Shihavuddin,ASM. Shihavuddin,,5,1,10,0,6,0.343898,0.370518,0,0.070777,1,5
B. Krawczyk,B. Krawczyk,,15,0.457143,48,0,6,0.351888,0.386107,0.000398,0.161574,1,33
X. Zhao,X. Zhao,,3,1,3,0,7,0.315538,0.356098,0,0.050731,8,3
X. Mao,X. Mao,,3,1,3,0,7,0.315538,0.356098,0,0.050731,8,3
J. Lin,J. Lin,,3,1,3,0,7,0.315538,0.356098,0,0.050731,8,3
K. Samuylov,K. Samuylov,,10,0.733333,33,0,7,0.320264,0.365154,0.000042,0.120836,2,14
C-C. Li,C-C. Li,,6,0.933333,14,0,6,0.392973,0.42829,0.000003,0.132273,2,12
R. Ding,R. Ding,,4,1,6,0,6,0.344223,0.370518,0,0.059779,0,4
D. Garcia-Gil,D. Garcia-Gil,,10,0.622222,28,0,6,0.350699,0.38221,0.000159,0.119756,1,19
J.R. Otegi-Olaso,J.R. Otegi-Olaso,,3,1,3,0,8,0.248547,0.275644,0,0.014535,9,3
J.R. Lopez-Robles,J.R. Lopez-Robles,,3,1,3,0,8,0.248547,0.275644,0,0.014535,9,3
I. Porto-Gomez,I. Porto-Gomez,,3,1,3,0,8,0.248547,0.275644,0,0.014535,9,3
D. Lucena-Anton,D. Lucena-Anton,,9,0.472222,17,0,8,0.247785,0.277134,0.000036,0.028919,5,11
L. Ruiz-Gonzalez,L. Ruiz-Gonzalez,,4,1,6,0,8,0.247363,0.273695,0,0.014713,5,4
A. Salazar,A. Salazar,,8,0.428571,12,0,8,0.2477,0.276446,0.00003,0.018762,5,10
R. Martin-Valero,R. Martin-Valero,,4,1,6,0,8,0.247363,0.273695,0,0.014713,5,4
A. Castillo,A. Castillo,,4,1,6,0,6,0.343248,0.369143,0,0.054921,1,4
F. Perez,F. Perez,,4,1,6,0,6,0.343248,0.369143,0,0.054921,1,4
R. Olmos,R. Olmos,,4,1,6,0,6,0.343248,0.369143,0,0.054921,1,6
S. Gonzalez,S. Gonzalez,,16,0.45,54,0,6,0.353084,0.388056,0.000775,0.156739,1,26
S-T. Li,S-T. Li,,3,1,3,0,6,0.345532,0.371894,0,0.070846,1,3
M. Lopez,M. Lopez,,4,1,6,0,6,0.342925,0.368684,0,0.055371,3,4
C. Ruiz-Molinero,C. Ruiz-Molinero,,10,0.577778,26,0,7,0.320264,0.367102,0.003074,0.083917,5,15
V. Perez-Cabezas,V. Perez-Cabezas,,10,0.577778,26,0,7,0.320264,0.367102,0.003074,0.083917,5,15
B. Nuñez-Moraleda,B. Nuñez-Moraleda,,5,1,10,0,8,0.247447,0.274383,0,0.021392,5,5
J.J. Jimenez-Rejano,J.J. Jimenez-Rejano,,5,1,10,0,8,0.247447,0.274383,0,0.021392,5,5
R. Chillon-Martinez,R. Chillon-Martinez,,5,1,10,0,8,0.247447,0.274383,0,0.021392,5,5
M. Jimenez,M. Jimenez,,2,1,1,0,7,0.265425,0.284434,0,0.015816,4,2
A. Vitiello,A. Vitiello,,6,0.666667,10,0,6,0.344061,0.371206,0.001452,0.060746,10,7
J.M. Soto-Hidalgo,J.M. Soto-Hidalgo,,4,1,6,0,7,0.262076,0.278359,0,0.014965,10,7
J.M. Alonso,J.M. Alonso,,4,1,6,0,7,0.262076,0.278359,0,0.014965,10,8
G. Acampora,G. Acampora,,6,0.666667,10,0,6,0.344061,0.371206,0.001452,0.060746,10,10
J. Alcala-Fdez,J. Alcala-Fdez,,23,0.27668,70,0,6,0.354288,0.39287,0.005961,0.169742,10,40
S.Rios-Aguilar,S.Rios-Aguilar,,3,1,3,0,7,0.315538,0.356098,0,0.058602,2,3
M. Chica,M. Chica,,27,0.296296,104,0,5,0.278865,0.311279,0.037997,0.063577,13,39
K. Trawinski,K. Trawinski,,6,0.6,9,0,5,0.282002,0.303829,0.001212,0.02832,13,7
D.P. Pancho,D.P. Pancho,,4,1,6,0,5,0.276426,0.295461,0,0.019885,13,4
S. Damas,S. Damas,,37,0.228228,152,0,5,0.28233,0.321596,0.023386,0.092251,13,79
L.K. Panwar,L.K. Panwar,,5,1,10,0,7,0.315812,0.357474,0,0.057223,11,5
K. Srikantha,K. Srikantha,,5,1,10,0,7,0.315812,0.357474,0,0.057223,11,5
B.K. Panigrahi,B.K. Panigrahi,,5,1,10,0,7,0.315812,0.357474,0,0.057223,11,5
A.K. Sangaiah,A.K. Sangaiah,,5,1,10,0,7,0.315812,0.357474,0,0.057223,11,5
G.-G. Wang,G.-G. Wang,,5,1,10,0,7,0.315812,0.357474,0,0.057223,11,5
M.R. Kabli,M.R. Kabli,,3,1,3,0,7,0.315538,0.356098,0,0.054614,2,3
O. Taylan,O. Taylan,,6,0.6,9,0,7,0.31595,0.358161,0.00001,0.066443,2,7
C. Porcel,C. Porcel,,20,0.242105,46,0,7,0.317884,0.36779,0.000244,0.11896,2,52
Z. Xu,Z. Xu,,18,0.359477,55,0,6,0.394038,0.434938,0.005033,0.17762,1,31
X. Tian,X. Tian,,3,1,3,0,7,0.31719,0.358849,0,0.05619,12,3
J. Gu,J. Gu,,3,1,3,0,7,0.31719,0.358849,0,0.05619,12,3
A. Tejeda-Lorente,A. Tejeda-Lorente,,10,0.488889,22,0,7,0.3165,0.360912,0.000028,0.082537,2,29
J. Bernabe-Moreno,J. Bernabe-Moreno,,8,0.607143,17,0,7,0.316224,0.359537,0.000012,0.079326,2,27
S. Sarkar,S. Sarkar,,2,1,1,0,8,0.248462,0.274956,0,0.013294,2,2
R. Hernandez-Linares,R. Hernandez-Linares,,2,1,1,0,8,0.248462,0.274956,0,0.013294,2,2
O. Ibañez,O. Ibañez,,34,0.256684,144,0,5,0.280262,0.315864,0.024782,0.082521,13,72
C. Campomanes-Alvarez,C. Campomanes-Alvarez,,10,0.666667,30,0,5,0.276111,0.297524,0.000865,0.036513,13,23
C. Wilkinson,C. Wilkinson,,19,0.555556,95,0,5,0.278651,0.305548,0.018127,0.059622,13,25
C. Bergmeir,C. Bergmeir,,14,0.373626,34,0,6,0.349687,0.382669,0.002663,0.117932,1,25
A.M. Sanchez,A.M. Sanchez,,3,1,3,0,6,0.343898,0.369601,0,0.051716,0,6
P. Villar,P. Villar,,3,1,3,0,6,0.343898,0.369601,0,0.051716,0,6
F. Mata,F. Mata,,4,1,6,0,7,0.318301,0.359193,0,0.071029,2,7
L.G. Perez,L.G. Perez,,4,1,6,0,7,0.318301,0.359193,0,0.071029,2,7
J. Montero,J. Montero,,13,0.564103,44,0,6,0.39468,0.433333,0.007897,0.16952,1,13
M. Gutierrez-Salcedo,M. Gutierrez-Salcedo,,9,0.472222,17,0,7,0.321113,0.368019,0.002004,0.095955,2,15
F. Segado,F. Segado,,4,1,6,0,7,0.317745,0.360225,0,0.06974,2,4
M. Gonzalez,M. Gonzalez,,4,1,6,0,7,0.267969,0.290853,0,0.035833,1,8
Y. Rodriguez,Y. Rodriguez,,4,1,6,0,7,0.267969,0.290853,0,0.035833,1,8
S. Vluymans,S. Vluymans,,10,0.6,27,0,6,0.34818,0.378657,0.00013,0.107041,14,24
C. Cornelis,C. Cornelis,,25,0.243333,73,0,6,0.354288,0.393787,0.010881,0.17682,14,55
Y. Saeys,Y. Saeys,,9,0.75,27,0,6,0.351547,0.382783,0.000069,0.131589,14,28
M.A. Martinez,M.A. Martinez,,19,0.280702,48,0,7,0.321539,0.373292,0.000634,0.146881,2,37
M.F. Blasco,M.F. Blasco,,4,1,6,0,7,0.315675,0.356786,0,0.054244,15,4
J. Garcia-Madariaga,J. Garcia-Madariaga,,4,1,6,0,7,0.315675,0.356786,0,0.054244,15,4
A. Pedreño-Santos,A. Pedreño-Santos,,4,1,6,0,7,0.315675,0.356786,0,0.054244,15,4
M. Chen,M. Chen,,5,0.7,7,0,6,0.34619,0.373613,0.000037,0.088946,1,6
I. Kallel,I. Kallel,,5,0.8,8,0,8,0.155641,0.16899,0.000003,0.00501,16,10
R. Rekik,R. Rekik,,3,1,3,0,8,0.155575,0.167615,0,0.003496,16,6
J. Casillas,J. Casillas,,15,0.171429,18,0,7,0.184097,0.207454,0.038096,0.013884,16,23
A.M. Alimi,A.M. Alimi,,5,0.8,8,0,8,0.155641,0.16899,0.000003,0.00501,16,10
J.M. Luna,J.M. Luna,,3,1,3,0,6,0.342763,0.367996,0,0.050113,17,3
F. Padillo,F. Padillo,,3,1,3,0,6,0.342763,0.367996,0,0.050113,17,3
S. Ventura,S. Ventura,,3,1,3,0,6,0.342763,0.367996,0,0.050113,17,3
D. Peralta,D. Peralta,,23,0.387352,98,0,6,0.354288,0.39287,0.002477,0.2177,1,74
C. J. Carmona,C. J. Carmona,,10,0.555556,25,0,6,0.350361,0.381637,0.002483,0.122983,1,18
W. Wang,W. Wang,,6,1,15,0,7,0.317052,0.359995,0,0.072705,2,6
D. Yu,D. Yu,,6,1,15,0,7,0.317052,0.359995,0,0.072705,2,6
B. Bouchon-Meunier,B. Bouchon-Meunier,,6,1,15,0,7,0.317052,0.359995,0,0.072705,2,6
S.O. Shim,S.O. Shim,,4,1,6,0,6,0.34341,0.369372,0,0.067113,1,4
M.J. del Moral,M.J. del Moral,,5,0.8,8,0,7,0.318441,0.359881,0.000003,0.069781,2,7
J.M. Tapia,J.M. Tapia,,3,1,3,0,7,0.318162,0.358505,0,0.063615,2,3
J. M. Tapia Garcia,J. M. Tapia Garcia,,4,1,6,0,7,0.318301,0.359193,0,0.066847,2,4
A. Al-Hmouz,A. Al-Hmouz,,4,1,6,0,7,0.318301,0.359193,0,0.066847,2,4
G. Fenza,G. Fenza,,6,0.866667,13,0,7,0.31595,0.358161,0.000002,0.062308,2,9
M. V. Ciasullo,M. V. Ciasullo,,5,1,10,0,7,0.315812,0.357474,0,0.059583,2,5
F. Orciuoli,F. Orciuoli,,6,0.866667,13,0,7,0.31595,0.358161,0.000002,0.062308,2,9
O. Troisi,O. Troisi,,5,1,10,0,7,0.315812,0.357474,0,0.059583,2,5
A.P. Kalogeras,A.P. Kalogeras,,4,1,6,0,8,0.155608,0.168303,0,0.004159,16,4
C. Koulamas,C. Koulamas,,4,1,6,0,8,0.155608,0.168303,0,0.004159,16,4
R. Pacheco-Torres,R. Pacheco-Torres,,4,1,6,0,8,0.155608,0.168303,0,0.004159,16,4
L. Ferrarini,L. Ferrarini,,4,1,6,0,8,0.155608,0.168303,0,0.004159,16,4
E. Ruiz,E. Ruiz,,13,0.846154,66,0,6,0.223624,0.250138,0.04047,0.043019,13,13
L. Alcaide Muñoz,L. Alcaide Muñoz,,3,1,3,0,7,0.316638,0.357932,0,0.06076,2,5
M.P. Rodriguez Bolivar,M.P. Rodriguez Bolivar,,3,1,3,0,7,0.316638,0.357932,0,0.06076,2,5
A. Kaklauskas,A. Kaklauskas,,6,1,15,0,7,0.31595,0.358161,0,0.061072,18,6
E. K. Zavadskas,E. K. Zavadskas,,6,1,15,0,7,0.31595,0.358161,0,0.061072,18,6
I. Ubarte,I. Ubarte,,6,1,15,0,7,0.31595,0.358161,0,0.061072,18,6
V. Echenique,V. Echenique,,6,1,15,0,7,0.31595,0.358161,0,0.061072,18,6
A. Kuzminske,A. Kuzminske,,6,1,15,0,7,0.31595,0.358161,0,0.061072,18,6
A. Binkyte,A. Binkyte,,6,1,15,0,7,0.31595,0.358161,0,0.061072,18,6
W. Pedrycz,W. Pedrycz,,6,0.733333,11,0,7,0.31595,0.358161,0.000005,0.076153,2,10
A. Taghavi,A. Taghavi,,4,1,6,0,7,0.315675,0.356786,0,0.068852,2,4
M.J. Gacto,M.J. Gacto,,5,0.7,7,0,6,0.344061,0.370747,0.000867,0.060629,10,8
R. Alcala,R. Alcala,,9,0.444444,16,0,6,0.347348,0.377166,0.001537,0.089621,10,14
Miguel J. Hornos,Miguel J. Hornos,,3,1,3,0,7,0.315538,0.356098,0,0.051457,15,3
S. Alonso,S. Alonso,,8,0.642857,18,0,7,0.319,0.362173,0.0001,0.092645,2,12
M. J. Martinez-Sanchez,M. J. Martinez-Sanchez,,4,1,6,0,7,0.315812,0.357015,0,0.057174,2,4
P. Vakkari,P. Vakkari,,1,0,0,0,8,0.240172,0.258083,0,0.002938,2,1
N.V. Chawla,N.V. Chawla,,4,0.833333,5,0,6,0.346026,0.372925,0.000006,0.084339,1,6
M. Arroyo-Morales,M. Arroyo-Morales,,17,0.522059,71,0,7,0.321255,0.371917,0.000152,0.128299,5,29
Y. Peng,Y. Peng,,4,1,6,0,7,0.315675,0.356786,0,0.063801,2,4
C. Torres-Albero,C. Torres-Albero,,4,1,6,0,7,0.315675,0.356786,0,0.063801,2,4
N. Robinson-Garcia,N. Robinson-Garcia,,3,1,3,0,7,0.315538,0.356098,0,0.050731,19,3
D. Torres-Salinas,D. Torres-Salinas,,3,1,3,0,7,0.315538,0.356098,0,0.050731,19,3
E. Jimenez-Contreras,E. Jimenez-Contreras,,3,1,3,0,7,0.315538,0.356098,0,0.050731,19,3
I. Carmona-Barrientos,I. Carmona-Barrientos,,7,0.809524,17,0,7,0.319842,0.365039,0.001053,0.079714,5,10
I. Rosety-Rodriguez,I. Rosety-Rodriguez,,2,1,1,0,8,0.247195,0.272319,0,0.01195,5,2
S. Zhao,S. Zhao,,4,1,6,0,7,0.320405,0.361371,0,0.074786,2,4
Q. Wang,Q. Wang,,3,1,3,0,7,0.317745,0.358505,0,0.064797,2,3
I.J. Perez,I.J. Perez,,14,0.483516,44,0,7,0.323543,0.37226,0.00031,0.141533,2,30
D.G. Cañizares,D.G. Cañizares,,5,1,10,0,6,0.34341,0.369716,0,0.070046,20,5
A. Antunes,A. Antunes,,8,0.714286,20,0,6,0.343898,0.371779,0.000011,0.082094,20,10
R. Molina-Ruiz,R. Molina-Ruiz,,5,1,10,0,6,0.34341,0.369716,0,0.070046,20,5
G. Agüero-Chapin,G. Agüero-Chapin,,8,0.714286,20,0,6,0.343898,0.371779,0.000011,0.082094,20,10
Xi. Wu,Xi. Wu,,5,1,10,0,7,0.317052,0.359537,0,0.062298,21,5
C. Zhang,C. Zhang,,5,1,10,0,7,0.317052,0.359537,0,0.062298,21,5
D. Wu,D. Wu,,5,1,10,0,7,0.317052,0.359537,0,0.062298,21,5
L. Luo,L. Luo,,5,1,10,0,7,0.317052,0.359537,0,0.062298,21,5
F. Campos,F. Campos,,6,1,15,0,8,0.247531,0.27507,0,0.017003,5,6
A. Santisteban-Espejo,A. Santisteban-Espejo,,6,1,15,0,8,0.247531,0.27507,0,0.017003,5,6
L. Martin-Piedra,L. Martin-Piedra,,6,1,15,0,8,0.247531,0.27507,0,0.017003,5,6
D. Durand-Herrera,D. Durand-Herrera,,6,1,15,0,8,0.247531,0.27507,0,0.017003,5,6
A. Campos,A. Campos,,6,1,15,0,8,0.247531,0.27507,0,0.017003,5,6
M.A. Martin-Piedra,M.A. Martin-Piedra,,6,1,15,0,8,0.247531,0.27507,0,0.017003,5,6
M. Martinez-Ballesteros,M. Martinez-Ballesteros,,5,1,10,0,6,0.343898,0.370518,0,0.064522,10,5
D. Martin,D. Martin,,6,0.8,12,0,6,0.344061,0.371206,0.000004,0.067128,10,14
J.C. Riquelme-Santos,J.C. Riquelme-Santos,,5,1,10,0,6,0.343898,0.370518,0,0.064522,10,5
A. LaTorre,A. LaTorre,,2,1,1,0,6,0.343248,0.368226,0,0.049673,22,2
D. Molina,D. Molina,,15,0.209524,22,0,6,0.347348,0.379917,0.011164,0.093013,22,22
J. Redfern,J. Redfern,,2,1,1,0,7,0.3165,0.357244,0,0.057761,2,2
B.F. Piper,B.F. Piper,,7,1,21,0,7,0.319842,0.365039,0,0.086191,5,7
A.I. Cuesta-Vargas,A.I. Cuesta-Vargas,,7,1,21,0,7,0.319842,0.365039,0,0.086191,5,7
L. Diaz-Rodriguez,L. Diaz-Rodriguez,,7,1,21,0,7,0.319842,0.365039,0,0.086191,5,7
W.C.S. Cho,W.C.S. Cho,,7,1,21,0,7,0.319842,0.365039,0,0.086191,5,7
Y. C. Dong,Y. C. Dong,,5,1,10,0,7,0.318441,0.359881,0,0.082923,2,5
M. Tang,M. Tang,,4,1,6,0,7,0.316914,0.358849,0,0.05885,2,4
Z. Wan,Z. Wan,,4,1,6,0,7,0.316914,0.358849,0,0.05885,2,4
M. A. Rosen,M. A. Rosen,,4,1,6,0,7,0.316914,0.358849,0,0.05885,2,4
B. Esteban-Moreno,B. Esteban-Moreno,,5,0.9,9,0,7,0.31956,0.363663,0.000001,0.08024,2,8
T.M Jonassen,T.M Jonassen,,2,1,1,0,7,0.315401,0.35541,0,0.047988,2,2
A. Yazidis,A. Yazidis,,2,1,1,0,7,0.315401,0.35541,0,0.047988,2,2
H. de Sola,H. de Sola,,3,1,3,0,8,0.247279,0.273007,0,0.012632,5,3
I. Failde,I. Failde,,3,1,3,0,8,0.247279,0.273007,0,0.012632,5,3
A. Ching-Lopez,A. Ching-Lopez,,6,0.733333,11,0,7,0.31595,0.358161,0.000004,0.066956,2,8
G. LeFranc,G. LeFranc,,4,1,6,0,7,0.315675,0.356786,0,0.05939,2,4
J.F. Garcia-Henares,J.F. Garcia-Henares,,3,1,3,0,8,0.247279,0.273007,0,0.012632,5,3
E. del Pozo,E. del Pozo,,3,1,3,0,8,0.247279,0.273007,0,0.012632,5,3
D. Quintana,D. Quintana,,4,1,6,0,7,0.315675,0.356786,0,0.056588,2,4
E. R. Nuñez-Valdez,E. R. Nuñez-Valdez,,4,1,6,0,7,0.315675,0.356786,0,0.056588,2,4
P. Isasi,P. Isasi,,4,1,6,0,7,0.315675,0.356786,0,0.056588,2,4
I. Cordon,I. Cordon,,3,1,3,0,6,0.345861,0.372238,0,0.077814,1,3
W. Derigenta,W. Derigenta,,5,1,10,0,7,0.315812,0.357474,0,0.057223,23,5
S. Kublera,S. Kublera,,5,1,10,0,7,0.315812,0.357474,0,0.057223,23,5
A. Voisina,A. Voisina,,5,1,10,0,7,0.315812,0.357474,0,0.057223,23,5
J. Robert,J. Robert,,5,1,10,0,7,0.315812,0.357474,0,0.057223,23,5
Y. Traon,Y. Traon,,5,1,10,0,7,0.315812,0.357474,0,0.057223,23,5
G. Gonzalez-Medina,G. Gonzalez-Medina,,5,1,10,0,8,0.247447,0.274383,0,0.024265,5,5
J. Cascon-Katchadourian,J. Cascon-Katchadourian,,4,1,6,0,7,0.315675,0.356786,0,0.055267,2,4
H. Baier-Fuentes,H. Baier-Fuentes,,4,1,6,0,7,0.315675,0.356786,0,0.055267,2,4
M.A. Sanchez,M.A. Sanchez,,4,1,6,0,7,0.315675,0.356786,0,0.055267,2,4
J. Maillo,J. Maillo,,6,1,15,0,6,0.349351,0.378542,0,0.103314,1,8
X-G. Luo,X-G. Luo,,5,0.9,9,0,6,0.345861,0.373269,0.000001,0.078789,1,11
Z-L. Zhang,Z-L. Zhang,,9,0.527778,19,0,6,0.34652,0.37602,0.000019,0.100147,1,19
W. Hasperue,W. Hasperue,,4,1,6,0,6,0.343248,0.369028,0,0.065189,1,4
M.J. Basgall,M.J. Basgall,,4,1,6,0,6,0.343248,0.369028,0,0.065189,1,4
M. Naiouf,M. Naiouf,,4,1,6,0,6,0.343248,0.369028,0,0.065189,1,4
D. Charte,D. Charte,,5,0.9,9,0,6,0.345861,0.373269,0.000016,0.079263,1,11
M. Wozniak,M. Wozniak,,8,0.928571,26,0,6,0.350024,0.380376,0.000001,0.129418,1,21
A. Rosales-Perez,A. Rosales-Perez,,8,0.571429,16,0,6,0.346355,0.375332,0.000015,0.088928,1,12
H. Terashima-Marin,H. Terashima-Marin,,4,1,6,0,6,0.345697,0.372581,0,0.07139,1,4
CAC. Coello,CAC. Coello,,4,1,6,0,6,0.345697,0.372581,0,0.07139,1,4
A. Sanchez-Fernandez,A. Sanchez-Fernandez,,4,1,6,0,7,0.264652,0.28409,0,0.020472,1,4
G. I. Sainz-Palmero,G. I. Sainz-Palmero,,4,1,6,0,7,0.264652,0.28409,0,0.020472,1,4
M. J. Fuente,M. J. Fuente,,4,1,6,0,7,0.264652,0.28409,0,0.020472,1,4
A. Valsecchi,A. Valsecchi,,12,0.545455,36,0,5,0.276531,0.299358,0.001203,0.03888,13,19
E. Bermejo,E. Bermejo,,8,0.642857,18,0,5,0.277587,0.299817,0.000172,0.032375,13,12
S. Salcedo,S. Salcedo,,4,1,6,0,5,0.276426,0.295461,0,0.020187,13,4
C.-C. Li,C.-C. Li,,5,1,10,0,6,0.391281,0.425997,0,0.117994,2,7
C. Zuheros,C. Zuheros,,5,1,10,0,6,0.391281,0.425997,0,0.117994,2,5
M. Mondragon,M. Mondragon,,5,1,10,0,7,0.315812,0.357474,0,0.062943,2,10
M. Victor,M. Victor,,5,1,10,0,7,0.315812,0.357474,0,0.062943,2,10
V. Garcia-Diaz,V. Garcia-Diaz,,5,1,10,0,7,0.315812,0.357474,0,0.062943,2,10
M. Peemen,M. Peemen,,2,1,1,0,7,0.2568,0.269349,0,0.005103,1,2
L. F. Romero,L. F. Romero,,2,1,1,0,7,0.2568,0.269349,0,0.005103,1,2
W. Ding,W. Ding,,2,1,1,0,7,0.265425,0.284434,0,0.015536,1,2
CT. Lin,CT. Lin,,2,1,1,0,7,0.265425,0.284434,0,0.015536,1,2
R.M. Rodriguez,R.M. Rodriguez,,27,0.222222,78,0,6,0.351038,0.390463,0.014225,0.157468,24,46
L. Martinez,L. Martinez,,27,0.253561,89,0,6,0.398793,0.443994,0.017264,0.208667,24,61
K. Hwang,K. Hwang,,2,1,1,0,6,0.342601,0.367309,0,0.049114,1,2
G. Tortora,G. Tortora,,3,1,3,0,6,0.343086,0.368455,0,0.051162,10,3
R. E. Welsch,R. E. Welsch,,3,1,3,0,6,0.342763,0.367996,0,0.052125,3,3
X. Gou,X. Gou,,3,1,3,0,6,0.344877,0.370977,0,0.060384,1,8
M. Galar,M. Galar,,21,0.509524,107,0,6,0.353084,0.390348,0.00025,0.218877,1,74
H. Bustince,H. Bustince,,32,0.340726,169,0,6,0.358835,0.40204,0.002797,0.2821,1,80
C. Roldan,C. Roldan,,2,1,1,0,6,0.342601,0.367309,0,0.047463,1,2
A. Roldan,A. Roldan,,2,1,1,0,6,0.342601,0.367309,0,0.047463,1,2
X. Wu,X. Wu,,8,0.607143,17,0,6,0.345697,0.374415,0.00002,0.075335,21,12
X. Liang,X. Liang,,5,1,10,0,6,0.344877,0.371894,0,0.062237,21,5
J.-B. Yang,J.-B. Yang,,5,1,10,0,6,0.344877,0.371894,0,0.062237,21,5
D.-L. Xu,D.-L. Xu,,5,1,10,0,6,0.344877,0.371894,0,0.062237,21,5
X. M. Mi,X. M. Mi,,4,1,6,0,6,0.342925,0.368684,0,0.05636,24,4
H. C. Liao,H. C. Liao,,4,1,6,0,6,0.342925,0.368684,0,0.05636,24,4
Z.S. Xu,Z.S. Xu,,13,0.653846,51,0,6,0.34619,0.377396,0.000108,0.116503,24,18
J. P. Xu,J. P. Xu,,7,0.571429,12,0,6,0.34341,0.370747,0.000017,0.064022,24,8
A. Hafezalkotob,A. Hafezalkotob,,4,1,6,0,6,0.34504,0.371664,0,0.064015,21,4
XL Wu,XL Wu,,4,1,6,0,6,0.342925,0.368684,0,0.053631,24,4
H Liao,H Liao,,4,1,6,0,6,0.342925,0.368684,0,0.053631,24,4
XD Liang,XD Liang,,4,1,6,0,6,0.342925,0.368684,0,0.053631,24,4
Z. Fu,Z. Fu,,3,1,3,0,6,0.34455,0.370518,0,0.056147,21,3
F. Glover,F. Glover,,4,1,6,0,7,0.257254,0.270954,0,0.01018,22,12
F. J. Rodriguez,F. J. Rodriguez,,8,0.535714,15,0,7,0.263406,0.282944,0.000228,0.021847,22,29
C. Garcia-Martinez,C. Garcia-Martinez,,11,0.4,22,0,6,0.345697,0.375791,0.007459,0.07334,22,33
R. Marti,R. Marti,,5,0.9,9,0,7,0.257345,0.271641,0.000001,0.011124,22,16
M. Lozano,M. Lozano,,11,0.4,22,0,6,0.345697,0.375791,0.007459,0.07334,22,33
J. Sanchez-Fernandez,J. Sanchez-Fernandez,,4,1,6,0,7,0.315675,0.356786,0,0.053793,25,4
R. A. Carrasco,R. A. Carrasco,,4,1,6,0,7,0.315675,0.356786,0,0.053793,25,4
F. Muñoz-Leiva,F. Muñoz-Leiva,,4,1,6,0,7,0.315675,0.356786,0,0.053793,25,4
M. F. Blasco,M. F. Blasco,,4,1,6,0,7,0.315675,0.356786,0,0.053793,25,4
R. Al-Hmouz,R. Al-Hmouz,,9,0.694444,25,0,7,0.319,0.362632,0.000054,0.102119,2,18
A. Morfeq,A. Morfeq,,9,0.694444,25,0,7,0.319,0.362632,0.000054,0.102119,2,18
A.S. Balamash,A.S. Balamash,,7,0.952381,20,0,7,0.31872,0.361256,0.000007,0.096198,2,14
Y. Nojima,Y. Nojima,,4,1,6,0,7,0.275588,0.299931,0,0.037692,10,4
S. Rio,S. Rio,,15,0.457143,48,0,6,0.348848,0.381866,0.000243,0.147873,1,35
J. Mezei,J. Mezei,,3,1,3,0,7,0.315538,0.356098,0,0.056218,2,3
C. Carlsson,C. Carlsson,,4,0.833333,5,0,7,0.315675,0.356786,0.000001,0.058894,2,6
I. Lastra,I. Lastra,,6,1,15,0,6,0.344223,0.371435,0,0.082716,1,6
H. Trujillo,H. Trujillo,,3,1,3,0,7,0.257163,0.270266,0,0.009078,22,3
E. Barrenechea,E. Barrenechea,,20,0.552632,105,0,6,0.354807,0.391265,0.00062,0.213687,1,59
F.L. Rodriguez,F.L. Rodriguez,,3,1,3,0,7,0.316638,0.357932,0,0.064586,2,3
R. Yera,R. Yera,,2,1,1,0,7,0.285322,0.302178,0,0.010861,24,4
J. Castro,J. Castro,,5,0.5,5,0,7,0.286446,0.305846,0.000034,0.021788,24,9
M.A. Zytoon,M.A. Zytoon,,4,1,6,0,7,0.315675,0.356786,0,0.058283,2,4
T. Sabbah,T. Sabbah,,4,1,6,0,7,0.315675,0.356786,0,0.058248,2,4
F.S. Al-Anzi,F.S. Al-Anzi,,4,1,6,0,7,0.315675,0.356786,0,0.058248,2,4
P. Galindo-Moreno,P. Galindo-Moreno,,7,0.809524,17,0,7,0.31719,0.360683,0.000004,0.074881,2,10
M. De la Flor-Martinez,M. De la Flor-Martinez,,5,1,10,0,7,0.316914,0.359308,0,0.068467,2,5
E. Sanchez-Fernandez,E. Sanchez-Fernandez,,7,0.809524,17,0,7,0.31719,0.360683,0.000004,0.074881,2,10
E. Adabal,E. Adabal,,5,1,10,0,7,0.316914,0.359308,0,0.068467,2,5
N.R. Aljohani,N.R. Aljohani,,11,0.745455,41,0,7,0.274858,0.301536,0.000018,0.041183,26,17
J.R. Cano,J.R. Cano,,13,0.589744,46,0,7,0.275066,0.302912,0.000049,0.044145,26,22
R.A. Abbasi,R.A. Abbasi,,9,1,36,0,7,0.274651,0.30016,0,0.037954,26,13
J.S. Alowidbi,J.S. Alowidbi,,9,1,36,0,7,0.274651,0.30016,0,0.037954,26,13
M. Lazaro,M. Lazaro,,4,1,6,0,6,0.345697,0.372581,0,0.074298,1,4
A.. Figueiras-Vidal,A.. Figueiras-Vidal,,4,1,6,0,6,0.345697,0.372581,0,0.074298,1,4
M.A. Jarwar,M.A. Jarwar,,9,1,36,0,7,0.274651,0.30016,0,0.037954,26,9
M. Mushtaq,M. Mushtaq,,9,1,36,0,7,0.274651,0.30016,0,0.037954,26,9
O. Maqbool,O. Maqbool,,9,1,36,0,7,0.274651,0.30016,0,0.037954,26,9
A. Daud,A. Daud,,9,1,36,0,7,0.274651,0.30016,0,0.037954,26,9
I. Chong,I. Chong,,9,1,36,0,7,0.274651,0.30016,0,0.037954,26,9
J-F. Tang,J-F. Tang,,4,1,6,0,6,0.345697,0.372581,0,0.072137,1,4
J.A. Gonzalez,J.A. Gonzalez,,4,1,6,0,6,0.345697,0.372581,0,0.07139,1,4
C.A.C. Coello,C.A.C. Coello,,4,1,6,0,6,0.345697,0.372581,0,0.07139,1,4
H.M. Fardoun,H.M. Fardoun,,4,1,6,0,7,0.274133,0.296722,0,0.024935,26,4
J. Garcia,J. Garcia,,6,0.733333,11,0,7,0.27434,0.298097,0.000005,0.02884,26,8
D.M. Alghazzawi,D.M. Alghazzawi,,4,1,6,0,7,0.274133,0.296722,0,0.024935,26,4
A. Herrera-Poyatos,A. Herrera-Poyatos,,3,1,3,0,6,0.343248,0.368684,0,0.058818,1,3
R. Romero-Zaliz,R. Romero-Zaliz,,42,0.142857,123,0,6,0.373971,0.42061,0.217189,0.134658,7,50
J. Purswani,J. Purswani,,5,1,10,0,7,0.272693,0.291082,0,0.012409,7,5
A. Matin Platero,A. Matin Platero,,5,1,10,0,7,0.272693,0.291082,0,0.012409,7,5
I. Guisado Requena,I. Guisado Requena,,5,1,10,0,7,0.272693,0.291082,0,0.012409,7,5
J. Gonzalez Lopez,J. Gonzalez Lopez,,5,1,10,0,7,0.272693,0.291082,0,0.012409,7,5
C. Pozo,C. Pozo,,5,1,10,0,7,0.272693,0.291082,0,0.012409,7,5
M.J. Ibañez,M.J. Ibañez,,2,1,1,0,7,0.272387,0.289019,0,0.008789,7,2
J.F. Reinoso Gordo,J.F. Reinoso Gordo,,5,0.7,7,0,7,0.272693,0.291082,0.000006,0.011819,7,9
J. Barranquero,J. Barranquero,,4,1,6,0,5,0.276426,0.295461,0,0.01947,13,4
T. Kajdanowicz,T. Kajdanowicz,,4,1,6,0,5,0.276426,0.295461,0,0.01947,13,4
I. Moya,I. Moya,,3,1,3,0,5,0.273308,0.290486,0,0.013301,13,3
J.L. Saez-Lozano,J.L. Saez-Lozano,,3,1,3,0,5,0.273308,0.290486,0,0.013301,13,3
W. Rand,W. Rand,,1,0,0,0,6,0.218122,0.230605,0,0.004279,13,1
B. R. Campomanes-Alvarez,B. R. Campomanes-Alvarez,,11,0.618182,34,0,5,0.276216,0.298212,0.000869,0.037648,13,27
S. Guadarrama,S. Guadarrama,,4,1,6,0,5,0.275379,0.293168,0,0.018165,13,4
O. Gomez,O. Gomez,,2,1,1,0,5,0.27517,0.291793,0,0.013211,13,2
Bondar AN,Bondar AN,,2,1,1,0,8,0.219903,0.23729,0,0.008089,31,3
C. del Val,C. del Val,,39,0.279352,207,0,7,0.281674,0.326158,0.064763,0.125037,31,44
G.P. Figueredo,G.P. Figueredo,,5,1,10,0,7,0.265716,0.286497,0,0.020147,27,5
M. Mesgaspour,M. Mesgaspour,,5,1,10,0,7,0.265716,0.286497,0,0.020147,27,5
A.M. Guerra,A.M. Guerra,,5,1,10,0,7,0.265716,0.286497,0,0.020147,27,5
J.M. Garibaldi,J.M. Garibaldi,,5,1,10,0,7,0.265716,0.286497,0,0.020147,27,5
R. I. John,R. I. John,,5,1,10,0,7,0.265716,0.286497,0,0.020147,27,5
A. Yazidi,A. Yazidi,,1,0,0,0,7,0.315265,0.354723,0,0.045526,2,1
J.M. Moyano,J.M. Moyano,,9,1,36,0,6,0.351717,0.383012,0,0.133194,1,9
L. Sanchez,L. Sanchez,,17,0.404412,55,0,5,0.366986,0.4,0.017413,0.149714,10,25
P Garcia-Fernandez,P Garcia-Fernandez,,8,1,28,0,7,0.273,0.293145,0,0.018887,7,8
S Aldana,S Aldana,,8,1,28,0,7,0.273,0.293145,0,0.018887,7,8
Alberto Rodriguez-Fernandez,Alberto Rodriguez-Fernandez,,8,1,28,0,7,0.273,0.293145,0,0.018887,7,8
MB Gonzalez,MB Gonzalez,,8,1,28,0,7,0.273,0.293145,0,0.018887,7,8
F Jimenez-Molinos,F Jimenez-Molinos,,8,1,28,0,7,0.273,0.293145,0,0.018887,7,8
F Campabadal,F Campabadal,,8,1,28,0,7,0.273,0.293145,0,0.018887,7,8
F Gomez-Campos,F Gomez-Campos,,8,1,28,0,7,0.273,0.293145,0,0.018887,7,8
JB  Roldan,JB  Roldan,,8,1,28,0,7,0.273,0.293145,0,0.018887,7,8
J.M. Puerta,J.M. Puerta,,4,1,6,0,6,0.342925,0.368684,0,0.056631,1,6
J.C. Riquelme,J.C. Riquelme,,4,1,6,0,6,0.342925,0.368684,0,0.056631,1,4
L. Jiang,L. Jiang,,4,1,6,0,6,0.34504,0.371664,0,0.063428,21,4
J. Xu,J. Xu,,4,1,6,0,6,0.34504,0.371664,0,0.063428,21,4
S. Cevik Onar,S. Cevik Onar,,5,1,10,0,7,0.286446,0.305846,0,0.027418,24,5
F.J. Estrella,F.J. Estrella,,8,0.607143,17,0,6,0.345697,0.374301,0.000788,0.077135,24,11
B. Oztaysi,B. Oztaysi,,5,1,10,0,7,0.286446,0.305846,0,0.027418,24,5
C. Kahraman,C. Kahraman,,13,0.705128,55,0,6,0.34619,0.377396,0.000826,0.114888,24,15
Y. Zulueta,Y. Zulueta,,3,1,3,0,7,0.287693,0.306878,0,0.021378,24,3
R. Bello,R. Bello,,12,0.469697,31,0,6,0.346851,0.377854,0.000845,0.097735,14,18
Molina J,Molina J,,15,1,105,0,8,0.220637,0.245772,0,0.056027,7,15
GA. de Erausquin,GA. de Erausquin,,24,0.543478,150,0,7,0.280046,0.315841,0.018541,0.08843,7,25
Balda M,Balda M,,15,1,105,0,8,0.220637,0.245772,0,0.056027,7,15
Kamis D,Kamis D,,15,1,105,0,8,0.220637,0.245772,0,0.056027,7,15
Calvo M,Calvo M,,15,1,105,0,8,0.220637,0.245772,0,0.056027,7,15
Padilla E,Padilla E,,15,1,105,0,8,0.220637,0.245772,0,0.056027,7,15
Guerrero G,Guerrero G,,15,1,105,0,8,0.220637,0.245772,0,0.056027,7,15
Bourdieu M,Bourdieu M,,15,1,105,0,8,0.220637,0.245772,0,0.056027,7,15
Molina Rangeon M,Molina Rangeon M,,15,1,105,0,8,0.220637,0.245772,0,0.056027,7,15
Gonzalez Aleman G,Gonzalez Aleman G,,15,1,105,0,8,0.220637,0.245772,0,0.056027,7,15
Strejilevich S,Strejilevich S,,15,1,105,0,8,0.220637,0.245772,0,0.056027,7,15
Florenzano N,Florenzano N,,15,1,105,0,8,0.220637,0.245772,0,0.056027,7,15
Conesa H,Conesa H,,15,1,105,0,8,0.220637,0.245772,0,0.056027,7,15
Escobar J,Escobar J,,15,1,105,0,8,0.220637,0.245772,0,0.056027,7,15
Cloninger CR,Cloninger CR,,15,1,105,0,8,0.220637,0.245772,0,0.056027,7,15
P. Morales,P. Morales,,5,1,10,0,6,0.343573,0.37006,0,0.066312,1,5
L.P.F. Garcia,L.P.F. Garcia,,7,0.809524,17,0,6,0.343898,0.371435,0.000004,0.074583,1,10
A.C. Lorena,A.C. Lorena,,7,0.809524,17,0,6,0.343898,0.371435,0.000004,0.074583,1,10
A.C.P.L.F. de Carvalho,A.C.P.L.F. de Carvalho,,5,1,10,0,6,0.343573,0.37006,0,0.066312,1,5
Jose A. Saez,Jose A. Saez,,10,0.577778,26,0,6,0.350024,0.381293,0.000188,0.1209,1,23
A. Palacios,A. Palacios,,9,0.444444,16,0,5,0.279079,0.301261,0.00106,0.030063,10,16
I. Couso,I. Couso,,5,1,10,0,6,0.26896,0.283586,0,0.012262,10,10
A. Rosete,A. Rosete,,3,1,3,0,6,0.343573,0.369143,0,0.056046,10,9
R. Wikström,R. Wikström,,3,1,3,0,7,0.315538,0.356098,0,0.056218,2,3
A. Collop,A. Collop,,5,0.9,9,0,7,0.322252,0.366071,0.000016,0.08609,2,8
J. Derrac,J. Derrac,,19,0.497076,85,0,6,0.364411,0.401123,0.002286,0.213104,1,41
H. Wang,H. Wang,,5,0.8,8,0,6,0.344713,0.371664,0.000004,0.065534,1,6
H. Hagras,H. Hagras,,13,0.576923,45,0,6,0.34652,0.376937,0.000094,0.119146,1,19
J. Mendel,J. Mendel,,3,1,3,0,6,0.342763,0.367996,0,0.053059,1,3
H. Bustince Sola,H. Bustince Sola,,3,1,3,0,6,0.342763,0.367996,0,0.053059,1,3
N. Verbiest,N. Verbiest,,11,0.436364,24,0,6,0.347847,0.378771,0.003683,0.101157,14,18
M. de la Flor,M. de la Flor,,5,1,10,0,7,0.316914,0.359308,0,0.068467,2,5
A. Piatteli,A. Piatteli,,5,1,10,0,7,0.316914,0.359308,0,0.068467,2,5
H. Perez-Morago,H. Perez-Morago,,4,1,6,0,7,0.315675,0.356786,0,0.064183,2,4
R. Heradio,R. Heradio,,7,0.714286,15,0,7,0.316087,0.358849,0.000008,0.07363,2,9
D. Fernandez-Amoros,D. Fernandez-Amoros,,4,1,6,0,7,0.315675,0.356786,0,0.064183,2,4
M. Elkano,M. Elkano,,7,0.952381,20,0,6,0.343735,0.371091,0.000001,0.100534,1,12
J.A. Sanz,J.A. Sanz,,9,0.722222,26,0,6,0.344061,0.372467,0.000012,0.108686,1,16
J. Bautista,J. Bautista,,3,1,3,0,5,0.276321,0.294773,0,0.018006,13,6
A. Orriols-Puig,A. Orriols-Puig,,2,1,1,0,8,0.155541,0.166927,0,0.002349,16,2
A. Sancho-Asensio,A. Sancho-Asensio,,2,1,1,0,8,0.155541,0.166927,0,0.002349,16,2
I. Gondres,I. Gondres,,6,1,15,0,6,0.344223,0.371435,0,0.068511,14,6
E. Ramentol,E. Ramentol,,8,0.857143,24,0,6,0.34455,0.372811,0.000003,0.077706,14,15
S. Lajes,S. Lajes,,6,1,15,0,6,0.344223,0.371435,0,0.068511,14,6
Y. Caballero,Y. Caballero,,8,0.857143,24,0,6,0.34455,0.372811,0.000003,0.077706,14,12
M. Laguna,M. Laguna,,4,1,6,0,7,0.257254,0.270954,0,0.01018,22,4
L. Jelen,L. Jelen,,3,1,3,0,6,0.342763,0.367996,0,0.061431,1,3
D. Sanchez-Tarrago,D. Sanchez-Tarrago,,4,1,6,0,6,0.343735,0.36983,0,0.063765,14,8
B. Bedregal,B. Bedregal,,17,0.588235,80,0,6,0.349016,0.38221,0.000209,0.153667,24,19
Y.C. Dong,Y.C. Dong,,10,1,45,0,6,0.345697,0.375332,0,0.108178,24,10
V. Torra,V. Torra,,10,1,45,0,6,0.345697,0.375332,0,0.108178,24,14
Y.J. Xu,Y.J. Xu,,10,1,45,0,6,0.345697,0.375332,0,0.108178,24,10
M. Pagola,M. Pagola,,17,0.647059,88,0,6,0.353944,0.388858,0.000493,0.191396,1,31
J. Fernandez,J. Fernandez,,9,1,36,0,6,0.345861,0.374186,0,0.106501,1,12
B. De-Baets,B. De-Baets,,9,1,36,0,6,0.345861,0.374186,0,0.106501,1,9
V. Gal,V. Gal,,3,1,3,0,5,0.275275,0.292481,0,0.014409,13,3
N. Bova,N. Bova,,3,1,3,0,5,0.275275,0.292481,0,0.014409,13,3
C. Vens,C. Vens,,1,0,0,0,7,0.265328,0.283746,0,0.014414,1,1
L. de la Torre,L. de la Torre,,5,1,10,0,7,0.315812,0.357474,0,0.06765,2,5
D. Galan,D. Galan,,5,1,10,0,7,0.315812,0.357474,0,0.06765,2,5
S. Dormido,S. Dormido,,5,1,10,0,7,0.315812,0.357474,0,0.06765,2,5
C. De Maio,C. De Maio,,4,1,6,0,7,0.315675,0.356786,0,0.05657,2,4
J. V.  Riera,J. V.  Riera,,3,1,3,0,7,0.315538,0.356098,0,0.051012,2,3
S. Massanet,S. Massanet,,4,0.833333,5,0,7,0.315675,0.356786,0.000001,0.053498,2,9
J. Torrens,J. Torrens,,4,0.833333,5,0,7,0.315675,0.356786,0.000001,0.053498,2,9
P. Mesejo,P. Mesejo,,10,0.511111,23,0,5,0.276111,0.297524,0.005397,0.029355,13,12
S. Cagnoni,S. Cagnoni,,6,0.866667,13,0,5,0.275692,0.294773,0.000245,0.025113,13,7
H. Ordoñez,H. Ordoñez,,5,1,10,0,7,0.315812,0.357474,0,0.057904,34,5
C. Figueroa,C. Figueroa,,5,1,10,0,7,0.315812,0.357474,0,0.057904,34,5
J. C. Corrales,J. C. Corrales,,5,1,10,0,7,0.315812,0.357474,0,0.057904,34,5
C. Cobos,C. Cobos,,9,0.555556,20,0,7,0.316362,0.360225,0.00003,0.069145,34,10
L. K. Wives,L. K. Wives,,5,1,10,0,7,0.315812,0.357474,0,0.057904,34,5
A. M. Garcia-Vico,A. M. Garcia-Vico,,3,1,3,0,7,0.263597,0.280995,0,0.017633,1,3
M. D. Perez-Godoy,M. D. Perez-Godoy,,3,1,3,0,7,0.263597,0.280995,0,0.017633,1,3
B. Lacroix,B. Lacroix,,2,1,1,0,6,0.343248,0.368226,0,0.049673,22,4
S. Gutierrez,S. Gutierrez,,1,0,0,0,7,0.273823,0.294658,0,0.018831,1,1
P.A. Gutierrez,P.A. Gutierrez,,1,0,0,0,7,0.273823,0.294658,0,0.018831,1,1
A.M. AlBar,A.M. AlBar,,4,1,6,0,7,0.274133,0.296722,0,0.025878,26,4
M. Espinilla,M. Espinilla,,6,0.533333,8,0,5,0.350361,0.37547,0.001214,0.078219,24,6
J. Santamaria,J. Santamaria,,9,0.388889,14,0,5,0.28622,0.311967,0.00322,0.0423,13,12
A. Rivera,A. Rivera,,6,0.6,9,0,5,0.349183,0.373865,0.000692,0.077549,1,6
D. Barrera Rosillo,D. Barrera Rosillo,,4,1,6,0,7,0.272591,0.290394,0,0.010974,7,7
F.J. Ariza Lopez,F.J. Ariza Lopez,,4,1,6,0,7,0.272591,0.290394,0,0.010974,7,7
A. Gomez Blanco,A. Gomez Blanco,,4,1,6,0,7,0.272591,0.290394,0,0.010974,7,4
S. del Barrio-Garcia,S. del Barrio-Garcia,,2,1,1,0,5,0.271776,0.286589,0,0.008778,13,2
C. Zarco,C. Zarco,,2,1,1,0,5,0.271776,0.286589,0,0.008778,13,2
V. Iglesias,V. Iglesias,,4,1,6,0,5,0.276426,0.295461,0,0.01947,13,4
J. Mingot,J. Mingot,,4,1,6,0,5,0.276426,0.295461,0,0.01947,13,4
J. Bacardit,J. Bacardit,,9,0.666667,24,0,6,0.350361,0.381293,0.000101,0.12176,1,13
A. Labella,A. Labella,,2,1,1,0,7,0.286108,0.303783,0,0.01675,24,2
F. Yan,F. Yan,,2,1,1,0,7,0.260014,0.27508,0,0.008295,24,2
C. Wei,C. Wei,,3,0.666667,2,0,7,0.260107,0.275768,0.000002,0.009084,24,4
L. Chen,L. Chen,,4,1,6,0,6,0.344387,0.370747,0,0.05848,1,4
X. Yejun,X. Yejun,,4,1,6,0,6,0.344387,0.370747,0,0.05848,1,4
C. Santiesteban,C. Santiesteban,,3,1,3,0,8,0.155575,0.167615,0,0.003161,16,6
H. Velarde,H. Velarde,,3,1,3,0,8,0.155575,0.167615,0,0.003161,16,6
A. Garcia,A. Garcia,,3,1,3,0,8,0.155575,0.167615,0,0.003161,16,6
O. Mei-Dan,O. Mei-Dan,,6,1,15,0,8,0.220036,0.239582,0,0.014161,7,6
E. Monasterio,E. Monasterio,,6,1,15,0,8,0.220036,0.239582,0,0.014161,7,6
A.C. Hackney,A.C. Hackney,,6,1,15,0,8,0.220036,0.239582,0,0.014161,7,6
A.R. Lane,A.R. Lane,,6,1,15,0,8,0.220036,0.239582,0,0.014161,7,6
S. Rozsa,S. Rozsa,,9,0.666667,24,0,8,0.220236,0.241645,0.000015,0.017562,7,11
M. Sievert,M. Sievert,,5,1,10,0,8,0.21997,0.238894,0,0.012608,7,5
K.M. Cloninger,K.M. Cloninger,,5,1,10,0,8,0.21997,0.238894,0,0.012608,7,5
N. Lester,N. Lester,,5,1,10,0,8,0.21997,0.238894,0,0.012608,7,5
M. Herrera,M. Herrera,,8,0.535714,15,0,7,0.317329,0.361371,0.000058,0.080797,2,14
V. Lopez,V. Lopez,,10,0.777778,35,0,6,0.351038,0.382554,0.000038,0.137031,1,29
L. Marrakchi-Kacem,L. Marrakchi-Kacem,,5,0.8,8,0,6,0.227686,0.247799,0.000008,0.014883,13,7
F. Navarro,F. Navarro,,16,0.683333,82,0,5,0.278331,0.303485,0.014348,0.054846,13,23
I. Aleman,I. Aleman,,6,1,15,0,5,0.275692,0.294773,0,0.026902,13,11
A. Bawakid,A. Bawakid,,9,0.638889,23,0,6,0.34504,0.373842,0.000027,0.10718,1,14
D. Bernardo,D. Bernardo,,4,1,6,0,6,0.342925,0.368684,0,0.067292,1,4
S.-O. Shim,S.-O. Shim,,4,1,6,0,6,0.343248,0.369028,0,0.070119,1,4
E.M. Murgado-Armenteros,E.M. Murgado-Armenteros,,3,1,3,0,8,0.248547,0.275644,0,0.018071,2,3
F.J. Torres-Ruiz,F.J. Torres-Ruiz,,3,1,3,0,8,0.248547,0.275644,0,0.018071,2,3
Jerzy Stefanowski,Jerzy Stefanowski,,3,1,3,0,6,0.343248,0.368684,0,0.061395,1,3
A. Rodriguez-Ledesma,A. Rodriguez-Ledesma,,3,1,3,0,7,0.316638,0.357932,0,0.06076,2,3
C. Lopez-Pujalte,C. Lopez-Pujalte,,3,1,3,0,7,0.316638,0.357932,0,0.06076,2,3
E. Contreras,E. Contreras,,4,1,6,0,7,0.315675,0.356786,0,0.059239,2,4
A.A. Ruiz,A.A. Ruiz,,4,1,6,0,7,0.315675,0.356786,0,0.059239,2,4
J.L. Palacios,J.L. Palacios,,3,1,3,0,6,0.270059,0.285076,0,0.016545,10,3
X. Chen,X. Chen,,2,1,1,0,6,0.34455,0.37006,0,0.055303,2,2
Tianjun Liao,Tianjun Liao,,2,1,1,0,7,0.257984,0.271183,0,0.005487,22,2
Thomas Stützle,Thomas Stützle,,4,0.666667,4,0,7,0.258168,0.272558,0.000004,0.007007,22,5
H.Fujita,H.Fujita,,4,1,6,0,7,0.315675,0.356786,0,0.059238,2,4
C. Blum,C. Blum,,3,1,3,0,7,0.257163,0.270266,0,0.009078,22,3
E. Fernandez-Blanco,E. Fernandez-Blanco,,5,1,10,0,6,0.219306,0.235236,0,0.010916,13,5
F. Cedron,F. Cedron,,5,1,10,0,6,0.219306,0.235236,0,0.010916,13,5
A. Pazos,A. Pazos,,5,1,10,0,6,0.219306,0.235236,0,0.010916,13,5
A. B. Porto-Pazos,A. B. Porto-Pazos,,5,1,10,0,6,0.219306,0.235236,0,0.010916,13,5
M. I. Huete,M. I. Huete,,7,0.714286,15,0,6,0.219637,0.23707,0.000005,0.02184,13,8
T. Kahana,T. Kahana,,8,0.821429,23,0,6,0.221309,0.241655,0.000012,0.025186,13,10
R. Vicente,R. Vicente,,12,1,66,0,6,0.222596,0.24624,0,0.041448,13,12
D. Navega,D. Navega,,12,1,66,0,6,0.222596,0.24624,0,0.041448,13,12
P. Jayaprakash,P. Jayaprakash,,16,0.7,84,0,6,0.222869,0.248991,0.000091,0.048223,13,19
M. Huete,M. Huete,,12,1,66,0,6,0.222596,0.24624,0,0.041448,13,12
T. Briers,T. Briers,,12,1,66,0,6,0.222596,0.24624,0,0.041448,13,12
R. Hardiman,R. Hardiman,,12,1,66,0,6,0.222596,0.24624,0,0.041448,13,12
F. Cavalli,F. Cavalli,,16,0.683333,82,0,6,0.222869,0.248991,0.000112,0.050169,13,17
K.Imaizumi,K.Imaizumi,,12,1,66,0,6,0.222596,0.24624,0,0.041448,13,12
E. Veselovskaya,E. Veselovskaya,,7,1,21,0,6,0.221242,0.240967,0,0.023605,13,7
A. Abramov,A. Abramov,,7,1,21,0,6,0.221242,0.240967,0,0.023605,13,7
R. Jankauskas,R. Jankauskas,,7,1,21,0,6,0.221242,0.240967,0,0.023605,13,7
J.A. Olivas,J.A. Olivas,,3,1,3,0,7,0.315538,0.356098,0,0.050731,28,3
J. Serrano-Guerrero,J. Serrano-Guerrero,,3,1,3,0,7,0.315538,0.356098,0,0.050731,28,3
F.P. Romero,F.P. Romero,,3,1,3,0,7,0.315538,0.356098,0,0.050731,28,3
D. Paternain,D. Paternain,,11,1,55,0,6,0.350699,0.382669,0,0.155969,1,30
C. Lopez-Molina,C. Lopez-Molina,,11,1,55,0,6,0.350699,0.382669,0,0.155969,1,22
C. Martinez-Cruz,C. Martinez-Cruz,,3,1,3,0,7,0.315538,0.356098,0,0.055182,2,3
Ning Xiong,Ning Xiong,,3,1,3,0,6,0.34341,0.368913,0,0.052276,22,3
Miguel Leon Ortiz,Miguel Leon Ortiz,,3,1,3,0,6,0.34341,0.368913,0,0.052276,22,3
L. D’eer,L. D’eer,,3,1,3,0,7,0.261888,0.277671,0,0.01385,14,3
L. Godo,L. Godo,,3,1,3,0,7,0.261888,0.277671,0,0.01385,14,3
L. Septem,L. Septem,,3,1,3,0,6,0.343735,0.369372,0,0.064558,1,3
H. Zang,H. Zang,,5,1,10,0,7,0.315812,0.357474,0,0.057223,29,5
Z. Gong,Z. Gong,,5,1,10,0,7,0.315812,0.357474,0,0.057223,29,5
U. A. Ozturk,U. A. Ozturk,,5,1,10,0,7,0.315812,0.357474,0,0.057223,29,5
X. Xul,X. Xul,,5,1,10,0,7,0.315812,0.357474,0,0.057223,29,5
C. Xu,C. Xu,,5,1,10,0,7,0.315812,0.357474,0,0.057223,29,5
O. Banos,O. Banos,,10,1,45,0,7,0.31914,0.365268,0,0.09316,5,11
I. Diaz-Reyes,I. Diaz-Reyes,,10,1,45,0,7,0.31914,0.365268,0,0.09316,5,11
M. Damas,M. Damas,,10,1,45,0,7,0.31914,0.365268,0,0.09316,5,11
C.S. Hong,C.S. Hong,,10,1,45,0,7,0.31914,0.365268,0,0.09316,5,11
S. Lee,S. Lee,,10,1,45,0,7,0.31914,0.365268,0,0.09316,5,11
H. Pomares,H. Pomares,,12,0.963636,53,0,7,0.31914,0.365268,0,0.097642,5,22
I. Rojas,I. Rojas,,10,1,45,0,7,0.31914,0.365268,0,0.09316,5,11
C. Villalonga,C. Villalonga,,10,1,45,0,7,0.31914,0.365268,0,0.09316,5,11
J.V. Riera,J.V. Riera,,3,1,3,0,7,0.315538,0.356098,0,0.051012,2,6
D. Galpert,D. Galpert,,5,1,10,0,6,0.343086,0.369372,0,0.062388,20,5
E. Ancede,E. Ancede,,5,1,10,0,6,0.343086,0.369372,0,0.062388,20,5
A.G. Lopez-Herrera,A.G. Lopez-Herrera,,2,1,1,0,7,0.3165,0.357244,0,0.057761,2,2
A.C. de Carvalho,A.C. de Carvalho,,5,1,10,0,6,0.343573,0.37006,0,0.068507,1,5
F.J. Quesada,F.J. Quesada,,3,1,3,0,7,0.285434,0.302866,0,0.01386,24,3
I. Palomares,I. Palomares,,5,0.6,6,0,6,0.344223,0.370977,0.001238,0.060762,24,10
L.J. Morales Chacon,L.J. Morales Chacon,,1,0,0,0,8,0.248377,0.274268,0,0.012235,2,1
Y. Shi,Y. Shi,,4,1,6,0,7,0.315675,0.356786,0,0.053793,30,4
L.F. Monteiro,L.F. Monteiro,,4,1,6,0,7,0.315675,0.356786,0,0.053793,30,4
R. Colcher,R. Colcher,,4,1,6,0,7,0.315675,0.356786,0,0.053793,30,4
P. Wolcott,P. Wolcott,,4,1,6,0,7,0.315675,0.356786,0,0.053793,30,4
J. Carabaño,J. Carabaño,,4,1,6,0,6,0.343898,0.37006,0,0.066646,1,4
A. Cano,A. Cano,,6,1,15,0,6,0.357952,0.384159,0,0.065736,7,6
F. Rojas Ruiz,F. Rojas Ruiz,,6,1,15,0,6,0.357952,0.384159,0,0.065736,7,6
M. Gomez Olmedo,M. Gomez Olmedo,,6,1,15,0,6,0.357952,0.384159,0,0.065736,7,6
J. Ortega Lopera,J. Ortega Lopera,,6,1,15,0,6,0.357952,0.384159,0,0.065736,7,6
J. Gonzalez Peñalver,J. Gonzalez Peñalver,,6,1,15,0,6,0.357952,0.384159,0,0.065736,7,6
M. Rubio Escudero,M. Rubio Escudero,,3,1,3,0,7,0.272489,0.289707,0,0.009605,7,3
C. Mañoso,C. Mañoso,,3,1,3,0,7,0.272489,0.289707,0,0.009605,7,3
A. de Madrid,A. de Madrid,,3,1,3,0,7,0.272489,0.289707,0,0.009605,7,3
A. Angelopoulos,A. Angelopoulos,,13,1,78,0,6,0.21891,0.238858,0,0.034368,13,13
A. Peyaud,A. Peyaud,,13,1,78,0,6,0.21891,0.238858,0,0.034368,13,13
C. Chelmis,C. Chelmis,,13,1,78,0,6,0.21891,0.238858,0,0.034368,13,13
V. Costopoulos,V. Costopoulos,,13,1,78,0,6,0.21891,0.238858,0,0.034368,13,13
I. Giomataris,I. Giomataris,,13,1,78,0,6,0.21891,0.238858,0,0.034368,13,13
A. Gongadze,A. Gongadze,,13,1,78,0,6,0.21891,0.238858,0,0.034368,13,13
T. Herbert,T. Herbert,,13,1,78,0,6,0.21891,0.238858,0,0.034368,13,13
I. Kantemiris,I. Kantemiris,,13,1,78,0,6,0.21891,0.238858,0,0.034368,13,13
S. Kirch,S. Kirch,,13,1,78,0,6,0.21891,0.238858,0,0.034368,13,13
J.P. Mols,J.P. Mols,,13,1,78,0,6,0.21891,0.238858,0,0.034368,13,13
T. Papaevangelou,T. Papaevangelou,,13,1,78,0,6,0.21891,0.238858,0,0.034368,13,13
P. Pavlopoulos,P. Pavlopoulos,,13,1,78,0,6,0.21891,0.238858,0,0.034368,13,13
F. Quinlan,F. Quinlan,,13,1,78,0,6,0.21891,0.238858,0,0.034368,13,13
Z. Ren,Z. Ren,,2,1,1,0,7,0.260014,0.27508,0,0.008295,24,2
DM. Svrakic,DM. Svrakic,,10,1,45,0,7,0.278544,0.306213,0,0.042997,7,10
J. Arnedo,J. Arnedo,,15,0.571429,60,0,7,0.279079,0.309652,0.006622,0.050241,7,19
H. Hernandez-Cuervo,H. Hernandez-Cuervo,,10,1,45,0,7,0.278544,0.306213,0,0.042997,7,10
AH. Fanous,AH. Fanous,,10,1,45,0,7,0.278544,0.306213,0,0.042997,7,10
MT. Pato,MT. Pato,,10,1,45,0,7,0.278544,0.306213,0,0.042997,7,10
CN. Pato,CN. Pato,,10,1,45,0,7,0.278544,0.306213,0,0.042997,7,10
CR. Cloninger,CR. Cloninger,,10,1,45,0,7,0.278544,0.306213,0,0.042997,7,10
V. Bellofatto,V. Bellofatto,,6,1,15,0,7,0.275275,0.297272,0,0.021254,31,6
Das A,Das A,,6,1,15,0,7,0.275275,0.297272,0,0.021254,31,6
J. Rosenfeld,J. Rosenfeld,,6,1,15,0,7,0.275275,0.297272,0,0.021254,31,6
M. Carrington,M. Carrington,,6,1,15,0,7,0.275275,0.297272,0,0.021254,31,6
AM. Estevez,AM. Estevez,,6,1,15,0,7,0.275275,0.297272,0,0.021254,31,6
TW.Allen,TW.Allen,,17,1,136,0,8,0.220905,0.247606,0,0.073906,31,17
Cournia,Cournia,,17,1,136,0,8,0.220905,0.247606,0,0.073906,31,17
I. Andricioaei,I. Andricioaei,,17,1,136,0,8,0.220905,0.247606,0,0.073906,31,17
B.Antonny,B.Antonny,,17,1,136,0,8,0.220905,0.247606,0,0.073906,31,17
D. Baum,D. Baum,,17,1,136,0,8,0.220905,0.247606,0,0.073906,31,17
G. Brannigan,G. Brannigan,,17,1,136,0,8,0.220905,0.247606,0,0.073906,31,17
NV.Buchete,NV.Buchete,,17,1,136,0,8,0.220905,0.247606,0,0.073906,31,17
JT. Deckman,JT. Deckman,,17,1,136,0,8,0.220905,0.247606,0,0.073906,31,17
L.Delemotte,L.Delemotte,,17,1,136,0,8,0.220905,0.247606,0,0.073906,31,17
R. Friedman,R. Friedman,,17,1,136,0,8,0.220905,0.247606,0,0.073906,31,17
P.Gkeka,P.Gkeka,,17,1,136,0,8,0.220905,0.247606,0,0.073906,31,17
HC. Hege,HC. Hege,,17,1,136,0,8,0.220905,0.247606,0,0.073906,31,17
J. Henin,J. Henin,,17,1,136,0,8,0.220905,0.247606,0,0.073906,31,17
MA. Kasimova,MA. Kasimova,,17,1,136,0,8,0.220905,0.247606,0,0.073906,31,17
A. Kolocouris,A. Kolocouris,,17,1,136,0,8,0.220905,0.247606,0,0.073906,31,17
ML. Klein,ML. Klein,,17,1,136,0,8,0.220905,0.247606,0,0.073906,31,17
S. Khalid,S. Khalid,,17,1,136,0,8,0.220905,0.247606,0,0.073906,31,17
MJ. Luque-Navas,MJ. Luque-Navas,,5,1,10,0,8,0.220103,0.239353,0,0.011906,31,5
DC. Garcia-Ramon,DC. Garcia-Ramon,,5,1,10,0,8,0.220103,0.239353,0,0.011906,31,5
CA. Molina,CA. Molina,,5,1,10,0,8,0.220103,0.239353,0,0.011906,31,5
A: Osuna,A: Osuna,,5,1,10,0,8,0.220103,0.239353,0,0.011906,31,5
S. Vilchez,S. Vilchez,,5,1,10,0,8,0.220103,0.239353,0,0.011906,31,5
D. Mamah,D. Mamah,,6,1,15,0,8,0.220036,0.239582,0,0.015974,7,6
D.A. Baranger,D.A. Baranger,,6,1,15,0,8,0.220036,0.239582,0,0.015974,7,6
D.M. Svrakic,D.M. Svrakic,,6,1,15,0,8,0.220036,0.239582,0,0.015974,7,6
G.A. De Erausquin,G.A. De Erausquin,,6,1,15,0,8,0.220036,0.239582,0,0.015974,7,6
J. Kacprzyk,J. Kacprzyk,,3,1,3,0,7,0.315538,0.356098,0,0.061105,2,3
A. Quirin,A. Quirin,,2,1,1,0,5,0.271776,0.286589,0,0.008778,13,2
P. Shelokar,P. Shelokar,,2,1,1,0,5,0.271776,0.286589,0,0.008778,13,2
M. Restrepo,M. Restrepo,,2,1,1,0,7,0.261793,0.276983,0,0.008907,14,4
J. Gomez,J. Gomez,,2,1,1,0,7,0.261793,0.276983,0,0.008907,14,4
R. Sanchez-Reillo,R. Sanchez-Reillo,,4,1,6,0,6,0.346686,0.373957,0,0.082895,1,4
J. Medina,J. Medina,,2,1,1,0,7,0.261793,0.276983,0,0.012755,14,2
J. de Oña,J. de Oña,,4,1,6,0,7,0.31942,0.361027,0,0.076517,2,4
J.M. Garcia-Torres,J.M. Garcia-Torres,,3,1,3,0,5,0.275066,0.292022,0,0.016217,13,3
E. Peis,E. Peis,,7,0.571429,12,0,7,0.319842,0.365039,0.000128,0.086641,2,8
R. Sanz,R. Sanz,,4,1,6,0,7,0.315675,0.356786,0,0.059528,2,4
M. Costantini,M. Costantini,,2,1,1,0,7,0.26446,0.282714,0,0.019473,1,2
J. Otero,J. Otero,,5,1,10,0,6,0.26896,0.283586,0,0.012262,10,8
R. Suarez,R. Suarez,,5,1,10,0,6,0.26896,0.283586,0,0.012262,10,5
L. Junco,L. Junco,,5,1,10,0,6,0.26896,0.283586,0,0.012262,10,5
Liao Tianjun,Liao Tianjun,,3,1,3,0,7,0.258076,0.271871,0,0.006319,22,3
Marco A. Montes de Oca,Marco A. Montes de Oca,,3,1,3,0,7,0.258076,0.271871,0,0.006319,22,3
M. Galende,M. Galende,,4,0.833333,5,0,6,0.343248,0.369143,0.00083,0.053231,10,6
D.S. Tarrago,D.S. Tarrago,,3,1,3,0,6,0.343735,0.369372,0,0.057746,14,3
O. Miguel-Hurtado,O. Miguel-Hurtado,,5,1,10,0,6,0.346851,0.374645,0,0.092192,1,5
Daniel Torres-Salinas,Daniel Torres-Salinas,,3,1,3,0,6,0.342763,0.367996,0,0.050113,32,3
Nicolas Robinson-Garcia,Nicolas Robinson-Garcia,,3,1,3,0,6,0.342763,0.367996,0,0.050113,32,3
Emilio Delgado Lopez-Cozar,Emilio Delgado Lopez-Cozar,,3,1,3,0,6,0.342763,0.367996,0,0.050113,32,3
D. Gomez-Lorente,D. Gomez-Lorente,,3,1,3,0,7,0.265522,0.285122,0,0.016843,33,3
C. Gil,C. Gil,,3,1,3,0,7,0.265522,0.285122,0,0.016843,33,3
O. Rabaza,O. Rabaza,,3,1,3,0,7,0.265522,0.285122,0,0.016843,33,3
B. Esteban,B. Esteban,,4,1,6,0,7,0.315675,0.356786,0,0.058304,2,4
M. Arroyo,M. Arroyo,,4,1,6,0,7,0.315675,0.356786,0,0.058304,2,4
P. Gonzalez,P. Gonzalez,,3,1,3,0,6,0.343086,0.368455,0,0.059135,1,3
G. Sainz,G. Sainz,,3,1,3,0,7,0.258076,0.271183,0,0.009882,10,3
N. Sanchez-Maroño,N. Sanchez-Maroño,,4,1,6,0,6,0.343898,0.37006,0,0.069292,1,4
H. Muñoz-Collazos,H. Muñoz-Collazos,,5,1,10,0,7,0.315812,0.357474,0,0.057904,34,5
R. Urbano-Muñoz,R. Urbano-Muñoz,,5,1,10,0,7,0.315812,0.357474,0,0.057904,34,5
M. Mendoza,M. Mendoza,,5,1,10,0,7,0.315812,0.357474,0,0.057904,34,5
E. Leon,E. Leon,,5,1,10,0,7,0.315812,0.357474,0,0.057904,34,5
S. Hui,S. Hui,,4,1,6,0,6,0.345697,0.372581,0,0.076485,1,4
P. N. Suganthan,P. N. Suganthan,,4,1,6,0,6,0.345697,0.372581,0,0.076485,1,4
M. Fazzolari,M. Fazzolari,,2,1,1,0,6,0.342925,0.367767,0,0.049305,10,2
Andrzej Janusz,Andrzej Janusz,,6,1,15,0,6,0.34504,0.372581,0,0.080057,14,6
L. S. Riza,L. S. Riza,,6,1,15,0,6,0.34504,0.372581,0,0.080057,14,6
Dominik Slezak,Dominik Slezak,,6,1,15,0,6,0.34504,0.372581,0,0.080057,14,6
H.M. Kammoun,H.M. Kammoun,,4,1,6,0,8,0.155608,0.168303,0,0.004327,16,4
A. Abraham,A. Abraham,,4,1,6,0,8,0.155608,0.168303,0,0.004327,16,4
M. Botella,M. Botella,,6,1,15,0,5,0.275692,0.294773,0,0.026902,13,6
M. Gea,M. Gea,,5,0.5,5,0,7,0.258535,0.273475,0.000009,0.007162,0,10
C. Dondi,C. Dondi,,2,1,1,0,7,0.258259,0.271412,0,0.004998,0,2
J. Haywood,J. Haywood,,2,1,1,0,7,0.258259,0.271412,0,0.004998,0,2
B. Rojas,B. Rojas,,3,1,3,0,7,0.258351,0.2721,0,0.005815,0,6
R. Bergaz,R. Bergaz,,3,1,3,0,7,0.258351,0.2721,0,0.005815,0,6
V. Gamiz,V. Gamiz,,2,1,1,0,7,0.258259,0.271412,0,0.004775,0,2
M.C. Perez,M.C. Perez,,2,1,1,0,7,0.258259,0.271412,0,0.004775,0,2
H. Liu,H. Liu,,1,0,0,0,7,0.259921,0.274392,0,0.007365,24,1
Bondar L.,Bondar L.,,2,1,1,0,8,0.219903,0.23729,0,0.008089,31,2
M. Diaz,M. Diaz,,4,1,6,0,7,0.315675,0.356786,0,0.059239,2,4
A. Lima,A. Lima,,4,1,6,0,7,0.315675,0.356786,0,0.059239,2,4
